PMID,Title,Authors,Citation,First Author,Journal/Book,Publication Year,Create Date,PMCID,NIHMS ID,DOI
"42746377","Metabolic-Protective Strategies for Antipsychotic-Associated Weight Gain in Children and Adolescents: A Systematic Review","Alhagawy AJ, Alhiqwi IJ, Majrabi HA, Salami AH, Aldawsari MS, Shok MA, Kariri AA, Muharraq AM, Juraybi RK, Alghamdi AM, Alshaiban AM.","Cureus. 2026 Aug 16;18(8):e114599. doi: 10.7759/cureus.114599. eCollection 2026 Aug.","Alhagawy AJ","Cureus","2026","2026/09/16","PMC13577066","","10.7759/cureus.114599"
"42744965","Metformin exhibits a synergistic effect with pyrotinib by inducing ferroptosis in HER2-positive cancers through the Keap1/Nrf2 pathway","Yang Y, Shan G, Li H, Hou J, Wu H, Liu Q, He Y, Zhao S, Ge C, Zhou B, Zhang J, Sun Y, Yang Y.","Acta Biochim Biophys Sin (Shanghai). 2026 Sep 8. doi: 10.3724/abbs.2026155. Online ahead of print.","Yang Y","Acta Biochim Biophys Sin (Shanghai)","2026","2026/09/16","","","10.3724/abbs.2026155"
"42739705","Effects of Metformin Monotherapy Versus Metformin Plus SGLT-2 Inhibitor Therapy on Molecular and Cellular Inflammatory Markers in Patients with Newly Diagnosed Type 2 Diabetes Mellitus","Esen B, Yildiz D, Atay AE.","J Clin Med. 2026 Aug 29;15(17):6700. doi: 10.3390/jcm15176700.","Esen B","J Clin Med","2026","2026/09/15","PMC13566505","","10.3390/jcm15176700"
"42737675","Metformin Suppresses Metastatic Potential and Sensitizes Ovarian Cancer Cells to Chemotherapeutics","Pandya MJ, Ogunsanya A, Ajibade A, Padmanabhan A.","Int J Mol Sci. 2026 Aug 30;27(17):7779. doi: 10.3390/ijms27177779.","Pandya MJ","Int J Mol Sci","2026","2026/09/15","PMC13566523","","10.3390/ijms27177779"
"42737580","Gelatin Hydrolysate from Bigeye Snapper (Priacanthus tayenus) Skin Attenuates the Progression of Diabetic Nephropathy in Rats by Modulating Oxidative Stress, Inflammatory Responses, and Endoplasmic Reticulum Stress Signaling Pathways","Jaikumkao K, Htun KT, Pengrattanachot N, Sutthasupha P, Promsan S, Montha N, Jaruan O, Suriyalungka R, Khadtha P, Sriburee S, Kothan S, Wangtueai S, Lungkaphin A.","Int J Mol Sci. 2026 Aug 27;27(17):7682. doi: 10.3390/ijms27177682.","Jaikumkao K","Int J Mol Sci","2026","2026/09/15","PMC13566746","","10.3390/ijms27177682"
"42737460","Functional Characterization of Putative Novel MicroRNA-1133 in the Antioxidant Effects of Metformin in Hyperglycemia-Induced Endothelial Cells","Othman NS, Aminuddin A, Hamid AA, Abidin SZ, Syafruddin SE, Ahmad MF, Jaffar FHF, Othman Basri NA, Ugusman A.","Int J Mol Sci. 2026 Aug 24;27(17):7556. doi: 10.3390/ijms27177556.","Othman NS","Int J Mol Sci","2026","2026/09/15","PMC13566550","","10.3390/ijms27177556"
"42732326","Recognizing Euglycemic Diabetic Ketoacidosis in the Era of SGLT2 Inhibitors: A Case Report","Serrano Reyes JC, Carrillo MF, Jaen RL, Batista AJ.","Cureus. 2026 Aug 13;18(8):e114492. doi: 10.7759/cureus.114492. eCollection 2026 Aug.","Serrano Reyes JC","Cureus","2026","2026/09/13","PMC13570715","","10.7759/cureus.114492"
"42729817","Exploring the therapeutic applications of metformin in articular cartilage repair: mechanistic insights and translational perspectives","Jin P, Xin X, Liu W, Zhu X, Li Z, Cao X, Meng Z, Tian X, Chen J, Zou L, Yu F, Jiang T.","Front Immunol. 2026 Aug 28;17:1916957. doi: 10.3389/fimmu.2026.1916957. eCollection 2026.","Jin P","Front Immunol","2026","2026/09/12","PMC13563762","","10.3389/fimmu.2026.1916957"
"42729196","Cost-utility analysis of loxenatide versus DPP-4 inhibitors in Chinese patients with type 2 diabetes at high cardiovascular risk","Lai L, Chuan F, Huang Q, Xiong N, Peng C, Zhao R, Sun J, Liu Q, Lu J.","Front Public Health. 2026 Aug 28;14:1929706. doi: 10.3389/fpubh.2026.1929706. eCollection 2026.","Lai L","Front Public Health","2026","2026/09/12","PMC13561895","","10.3389/fpubh.2026.1929706"
"42724341","Metabolic reprogramming in diabetes and cancer: the role of PI3K/AKT/mTOR and beyond","Alharthi NS.","Am J Cancer Res. 2026 Aug 15;16(8):3294-3318. doi: 10.62347/OGYT1108. eCollection 2026.","Alharthi NS","Am J Cancer Res","2026","2026/09/11","PMC13559360","","10.62347/OGYT1108"
"42724189","Glucose-lowering therapy in diabetes of the exocrine pancreas: a real-world evidence analysis in a tertiary hospital in the timeframe 2018-2022","Ciccarelli G, Di Giorgi N, Iacomini C, Masciocchi C, Patarnello S, Di Giuseppe G, de Lucia SS, Nista EC, Gasbarrini A, Pontecorvi A, Giaccari A, Mezza T.","Ther Adv Endocrinol Metab. 2026 Sep 9;17:20420188261419207. doi: 10.1177/20420188261419207. eCollection 2026.","Ciccarelli G","Ther Adv Endocrinol Metab","2026","2026/09/11","PMC13558923","","10.1177/20420188261419207"
"42723884","A case report of young-onset type 2 diabetes patient with severe metabolic dysregulation carrying an LRP6 variant","Xiang D, Yuan L, Liao S, Wang Y.","Front Endocrinol (Lausanne). 2026 Aug 27;17:1887705. doi: 10.3389/fendo.2026.1887705. eCollection 2026.","Xiang D","Front Endocrinol (Lausanne)","2026","2026/09/11","PMC13558028","","10.3389/fendo.2026.1887705"
"42719233","Real-world outcomes of sitagliptin and sitagliptin/metformin single-pill combination treatment in diverse type 2 diabetes populations (DIVERSITY study)","Janez A, Bojic M, Bozek T, Kamenov Z, Milenkovic T, Radulian G, Várkonyi T.","Front Clin Diabetes Healthc. 2026 Aug 26;7:1905393. doi: 10.3389/fcdhc.2026.1905393. eCollection 2026.","Janez A","Front Clin Diabetes Healthc","2026","2026/09/10","PMC13555902","","10.3389/fcdhc.2026.1905393"
"42717744","Associations Between Antidiabetic Pharmacotherapy and Hearing Thresholds in Adult Hearing-Impaired Patients With Type 2 Diabetes","Martines F, Salvago P, Vaccaro F, Vaccaro D, Malta G, Plescia F, Cascioferro S, Lavanco G, Plescia F.","Pharmacol Res Perspect. 2026 Oct;14(5):e70316. doi: 10.1002/prp2.70316.","Martines F","Pharmacol Res Perspect","2026","2026/09/10","PMC13559470","","10.1002/prp2.70316"
"42717332","Postpartum GLP-1 receptor agonists and SGLT-2 therapies in women with prior gestational diabetes: current evidence and uncertainties","Vanlaer Y, Van de Cauter E, Embo N, Benhalima K.","BMC Med. 2026 Aug 22;24(1):477. doi: 10.1186/s12916-026-05182-3.","Vanlaer Y","BMC Med","2026","2026/09/10","PMC13560376","","10.1186/s12916-026-05182-3"
"42716236","Metformin alleviates type 2 diabetes-related depressive-like behaviors via AKAP150 signaling in NAc D1 medium spiny neurons","Deng Q, Gao SQ, Xue SG, Zhang SQ, Yang JW, Cui QQ, Zhang CL, Zhou HY.","Pharmacol Res. 2026 Sep 9;232:108446. doi: 10.1016/j.phrs.2026.108446. Online ahead of print.","Deng Q","Pharmacol Res","2026","2026/09/09","","","10.1016/j.phrs.2026.108446"
"42711998","Evidence-based ranking of diabetes prevention in prediabetes: A comprehensive network meta-analysis of 378 randomised controlled trials","Maria B, Orsolya E, Iulian PR, Mihaela T, Aphrodite BA, Anett R, Tamás K, Karen F, Mahmoud O, Renáta P, Péter F, Andrea S, Cristian G, Peter H, Stefania B.","Clin Transl Med. 2026 Sep;16(9):e70829. doi: 10.1002/ctm2.70829.","Maria B","Clin Transl Med","2026","2026/09/09","PMC13554713","","10.1002/ctm2.70829"
"42707375","Pharmacomicrobiomics in metabolic syndrome and type 2 diabetes: the microbiome-drug-host triad","Strilić D, Stanimirov B, Pavlović N, Lazarević S, Mikov M, Stanivuković T, Đanić M.","Front Pharmacol. 2026 Aug 24;17:1831882. doi: 10.3389/fphar.2026.1831882. eCollection 2026.","Strilić D","Front Pharmacol","2026","2026/09/08","PMC13547828","","10.3389/fphar.2026.1831882"
"42694843","Associations of Hemoglobin Glycation Index with Glucose Variability and Time in Ranges in Patients with Type 2 Diabetes Undergoing Continuous Glucose Monitoring","Wei XY, Wang JS.","Int J Med Sci. 2026 Aug 11;23(9):2993-2999. doi: 10.7150/ijms.129813. eCollection 2026.","Wei XY","Int J Med Sci","2026","2026/09/04","PMC13539917","","10.7150/ijms.129813"
"42670520","Younger Age is Associated with Treatment and Complication Outcomes Among Type 2 Diabetes Mellitus Patients in Kigali University Teaching Hospital","Alagbonsi AI, Kagina APN, Ingabire D, Nayituriki M, Tusifu A, Abdulkadir HO, Olaniyi AO, Omeiza NA, Gbadamosi MA.","Diabetes Metab Syndr Obes. 2026 Aug 26;19:614442. doi: 10.2147/DMSO.S614442. eCollection 2026.","Alagbonsi AI","Diabetes Metab Syndr Obes","2026","2026/08/31","PMC13526346","","10.2147/DMSO.S614442"
"42662961","Preventing Type 2 Diabetes in At-Risk Cardiorenal Populations","de Silva D, Peiris A.","Cureus. 2026 Jul 28;18(7):e113529. doi: 10.7759/cureus.113529. eCollection 2026 Jul.","de Silva D","Cureus","2026","2026/08/28","PMC13521482","","10.7759/cureus.113529"
"42662955","Implant Rehabilitation Following Loss of Tooth Restorability Associated With Poorly Controlled Type 2 Diabetes Mellitus: A Case Report","Monroy Torres MP, Rojas Y, Moreno Marin AM, Ramirez Galavis S, Lorenzo Rivero YE.","Cureus. 2026 Jul 28;18(7):e113528. doi: 10.7759/cureus.113528. eCollection 2026 Jul.","Monroy Torres MP","Cureus","2026","2026/08/28","PMC13521313","","10.7759/cureus.113528"
"42662112","A Comparative Study to Evaluate the Renoprotective Effect of Antidiabetic Drugs in Patients With Type 2 Diabetes Mellitus","Pichholiya M, Abhinav R, Singh S, Yadav AK, Gupta S.","Cureus. 2026 Jul 27;18(7):e113475. doi: 10.7759/cureus.113475. eCollection 2026 Jul.","Pichholiya M","Cureus","2026","2026/08/28","PMC13519865","","10.7759/cureus.113475"
"42654410","Beyond Diabetes: Continuous Glucose Monitoring as a Candidate Precision Tool for Cardiovascular Prevention and Healthy Longevity-A Hypothesis-Generating Narrative Review","Văcărescu C, Cozma D.","Medicina (Kaunas). 2026 Aug 6;62(8):1513. doi: 10.3390/medicina62081513.","Văcărescu C","Medicina (Kaunas)","2026","2026/08/27","PMC13515009","","10.3390/medicina62081513"
"42654229","Glycemic and Lipid Outcomes Associated with Bitter Melon Blood-Sugar-Modulating Protein and Metformin Use: A Translational Preclinical and Retrospective Study","Liao PY, Yu HT, Yang TY, Lo HY, Hsiang CY, Ho TY.","Nutrients. 2026 Aug 13;18(16):2649. doi: 10.3390/nu18162649.","Liao PY","Nutrients","2026","2026/08/27","PMC13516629","","10.3390/nu18162649"
"42654130","Synthesis and Anti-Diabetic Evaluation of 2-Phenyl-3H-quinazolin-4-one Derivatives","Pathirana KPDH, Chathurangani DAU, Vlad J, Dissanayake DMWS, Alwis YV, Jayah GM, Pathirana KPSS, Udukala DN, Egodawaththa NM, Farrah JP, Nesnas N, Gunaratna MJ.","Pharmaceutics. 2026 Aug 16;18(8):1013. doi: 10.3390/pharmaceutics18081013.","Pathirana KPDH","Pharmaceutics","2026","2026/08/27","PMC13516565","","10.3390/pharmaceutics18081013"
"42652827","Metformin and Hypertensive Disorders of Pregnancy: A Phenotype-Based Focused Narrative Review","Ivanovic K, Dugalic S, Gojnic Dugalic M, Milincic M.","J Clin Med. 2026 Aug 19;15(16):6423. doi: 10.3390/jcm15166423.","Ivanovic K","J Clin Med","2026","2026/08/27","PMC13514254","","10.3390/jcm15166423"
"42639277","Rate and Characteristics of Metformin Use in Gestational Diabetes","Techawijittra T, Boriboonhirunsarn D.","Obstet Gynecol Int. 2026 Aug 23;2026:1243724. doi: 10.1155/ogi/1243724. eCollection 2026.","Techawijittra T","Obstet Gynecol Int","2026","2026/08/25","PMC13501014","","10.1155/ogi/1243724"
"30092955","Red Blood Cells Deserve Attention in Patients With Type 2 Diabetes","Vilahur G.","J Am Coll Cardiol. 2018 Aug 14;72(7):781-783. doi: 10.1016/j.jacc.2018.05.053.","Vilahur G","J Am Coll Cardiol","2018","2018/08/11","","","10.1016/j.jacc.2018.05.053"
"33572905","Experimental Type 2 Diabetes Differently Impacts on the Select Functions of Bone Marrow-Derived Multipotent Stromal Cells","Ribot J, Denoeud C, Frescaline G, Landon R, Petite H, Pavon-Djavid G, Bensidhoum M, Anagnostou F.","Cells. 2021 Jan 29;10(2):268. doi: 10.3390/cells10020268.","Ribot J","Cells","2021","2021/02/12","PMC7912056","","10.3390/cells10020268"
"31483017","New Method Improves the Evaluation of Subclinical Left Ventricular Dysfunction in Type 2 Diabetes Mellitus","Askin L, Tanrıverdi O, Tibilli H, Turkmen S.","Arq Bras Cardiol. 2019 Sep 2;113(2):216-217. doi: 10.5935/abc.20190164.","Askin L","Arq Bras Cardiol","2019","2019/09/05","PMC6777895","","10.5935/abc.20190164"
"32872663","Gestational Diabetes Type 2: Variation in High-Density Lipoproteins Composition and Function","Pasternak Y, Biron-Shental T, Ohana M, Einbinder Y, Arbib N, Benchetrit S, Zitman-Gal T.","Int J Mol Sci. 2020 Aug 30;21(17):6281. doi: 10.3390/ijms21176281.","Pasternak Y","Int J Mol Sci","2020","2020/09/03","PMC7504441","","10.3390/ijms21176281"
"35664033","Effects of diabetes type 2 and metformin treatment in Swedish patients with colorectal cancer","Dimberg J, Shamoun L, Landerholm K, Wågsäter D.","World J Gastroenterol. 2022 May 21;28(19):2148-2151. doi: 10.3748/wjg.v28.i19.2148.","Dimberg J","World J Gastroenterol","2022","2022/06/06","PMC9134133","","10.3748/wjg.v28.i19.2148"
"36696428","Site-Specific Fracture Incidence Rates Among Patients With Type 1 Diabetes, Type 2 Diabetes, or Without Diabetes in Denmark (1997-2017)","Kvist AV, Nasser MI, Vestergaard P, Frost M, Burden AM.","Diabetes Care. 2023 Mar 1;46(3):633-642. doi: 10.2337/dc22-1004.","Kvist AV","Diabetes Care","2023","2023/01/25","PMC10020021","","10.2337/dc22-1004"
"29084400","Type 2 Diabetes Mellitus in Adolescents: Should We Reconsider Screening?","Reinehr T.","Horm Res Paediatr. 2018;89(1):56-57. doi: 10.1159/000481912. Epub 2017 Oct 30.","Reinehr T","Horm Res Paediatr","2018","2017/10/31","","","10.1159/000481912"
"33131190","Diabetes type 2 risk gene Dusp8 is associated with altered sucrose reward behavior in mice and humans","Baumann P, Schriever SC, Kullmann S, Zimprich A, Peter A, Gailus-Durner V, Fuchs H, Hrabe de Angelis M, Wurst W, Tschöp MH, Heni M, Hölter SM, Pfluger PT.","Brain Behav. 2021 Jan;11(1):e01928. doi: 10.1002/brb3.1928. Epub 2020 Nov 1.","Baumann P","Brain Behav","2021","2020/11/01","PMC7821601","","10.1002/brb3.1928"
"36780038","Variation of butyrate production in the gut microbiome in type 2 diabetes patients","Siptroth J, Moskalenko O, Krumbiegel C, Ackermann J, Koch I, Pospisil H.","Int Microbiol. 2023 Aug;26(3):601-610. doi: 10.1007/s10123-023-00324-6. Epub 2023 Feb 13.","Siptroth J","Int Microbiol","2023","2023/02/13","PMC10397123","","10.1007/s10123-023-00324-6"
"37195445","Excretion of glucose analogue with SGLT2 affinity predicts response effectiveness to sodium glucose transporter 2 inhibitors in patients with type 2 diabetes mellitus","Geist BK, Brath H, Zisser L, Yu J, Fueger B, Nics L, Patronas EM, Kautzky-Willer A, Hacker M, Rasul S.","Eur J Nucl Med Mol Imaging. 2023 Aug;50(10):3034-3041. doi: 10.1007/s00259-023-06256-7. Epub 2023 May 17.","Geist BK","Eur J Nucl Med Mol Imaging","2023","2023/05/17","PMC10382381","","10.1007/s00259-023-06256-7"
"36369624","Patients with type 2 diabetes mellitus and response to COVID-19 BNT162b2 mRNA vaccine: correspondence","Sookaromdee P, Wiwanitkit V.","Hormones (Athens). 2023 Mar;22(1):15-16. doi: 10.1007/s42000-022-00420-8. Epub 2022 Nov 11.","Sookaromdee P","Hormones (Athens)","2023","2022/11/12","PMC9652038","","10.1007/s42000-022-00420-8"
"37252407","Clinicodemographic Profile and Outcomes of Type 2 Diabetes Mellitus in the Indonesian Cohort of DISCOVER: A 3-Year Prospective Cohort Study","Soeatmadji DW, Rosandi R, Saraswati MR, Sibarani RP, Tarigan WO.","J ASEAN Fed Endocr Soc. 2023;38(1):68-74. doi: 10.15605/jafes.038.01.10. Epub 2023 Jan 25.","Soeatmadji DW","J ASEAN Fed Endocr Soc","2023","2023/05/30","PMC10213161","","10.15605/jafes.038.01.10"
"32730921","Individuals with type 2 diabetes mellitus show dimorphic and heterogeneous patterns of loss in femoral bone quality","Wölfel EM, Jähn-Rickert K, Schmidt FN, Wulff B, Mushumba H, Sroga GE, Püschel K, Milovanovic P, Amling M, Campbell GM, Vashishth D, Busse B.","Bone. 2020 Nov;140:115556. doi: 10.1016/j.bone.2020.115556. Epub 2020 Jul 28.","Wölfel EM","Bone","2020","2020/07/31","PMC12831507","NIHMS2132374","10.1016/j.bone.2020.115556"
"30371207","Reaching an ACCORD on Glycemia and Systolic Blood Pressure Targets in Type 2 Diabetes Mellitus","MacDonald TM, Mackenzie IS.","J Am Heart Assoc. 2018 Sep 18;7(18):e010508. doi: 10.1161/JAHA.118.010508.","MacDonald TM","J Am Heart Assoc","2018","2018/10/30","PMC6222969","","10.1161/JAHA.118.010508"
"37306486","Nomogram for predicting gallbladder stone in patients with type 2 diabetes mellitus: a retrospective study in the Chinese population","Wu T, Wang Q, Pu C.","Ann Med. 2023 Dec;55(1):2221899. doi: 10.1080/07853890.2023.2221899.","Wu T","Ann Med","2023","2023/06/12","PMC10262805","","10.1080/07853890.2023.2221899"
"37817724","Improved Treatment For Diabetes Type 2 Associated Heart Failure","Alamgir MU.","J Pak Med Assoc. 2023 Sep;73(9):1934-1935. doi: 10.47391/JPMA.8085.","Alamgir MU","J Pak Med Assoc","2023","2023/10/11","","","10.47391/JPMA.8085"
"38053107","Association between serum osteocalcin and atherosclerosis in Type-2 diabetes mellitus: a cross-sectional study","Sharma VC, Vidyasagar S, Sukumar CA, Krishna B N, Shree S.","BMC Endocr Disord. 2023 Dec 6;23(1):269. doi: 10.1186/s12902-023-01462-8.","Sharma VC","BMC Endocr Disord","2023","2023/12/05","PMC10699002","","10.1186/s12902-023-01462-8"
"37092111","Relationship between healthy habits and sociodemographic variables and risk of diabetes type 2","González ÁAL, Sbert PR, Fe BR, Fe NR, Bote SA, Manent JIR.","Afr Health Sci. 2022 Dec;22(4):133-139. doi: 10.4314/ahs.v22i4.17.","González ÁAL","Afr Health Sci","2022","2023/04/24","PMC10117464","","10.4314/ahs.v22i4.17"
"34233661","Prevalence of pre-diabetes/type 2 diabetes among adolescents (10-19 years) and its association with different measures of overweight/obesity in India: a gendered perspective","Kumar P, Srivastava S, Mishra PS, Mooss ETK.","BMC Endocr Disord. 2021 Jul 7;21(1):146. doi: 10.1186/s12902-021-00802-w.","Kumar P","BMC Endocr Disord","2021","2021/07/08","PMC8261995","","10.1186/s12902-021-00802-w"
"35600582","Antibiotic Consumption Patterns in European Countries Might Be Associated with the Prevalence of Type 1 and 2 Diabetes","Ternák G, Németh M, Rozanovic M, Bogár L.","Front Endocrinol (Lausanne). 2022 May 6;13:870465. doi: 10.3389/fendo.2022.870465. eCollection 2022.","Ternák G","Front Endocrinol (Lausanne)","2022","2022/05/23","PMC9120822","","10.3389/fendo.2022.870465"
"38345485","The impact of sociodemographic determinants and diabetes type-2 on oral health outcomes: An analytical cross-sectional study","Alkahtani A, Anderson P, Baysan A.","Clin Exp Dent Res. 2024 Feb;10(1):e846. doi: 10.1002/cre2.846.","Alkahtani A","Clin Exp Dent Res","2024","2024/02/12","PMC10828913","","10.1002/cre2.846"
"34176339","Devising Solutions for COVID-19 Fear in Type 2 Diabetes Mellitus","Nataraj M.","Omega (Westport). 2023 Aug;87(3):765-768. doi: 10.1177/00302228211029142. Epub 2021 Jun 26.","Nataraj M","Omega (Westport)","2023","2021/06/28","PMC10333967","","10.1177/00302228211029142"
"35457303","Predictors of Clinical Inertia and Type 2 Diabetes: Assessment of Primary Care Physicians and Their Patients","Isajev N, Bjegovic-Mikanovic V, Bukumiric Z, Vrhovac D, Lalic NM.","Int J Environ Res Public Health. 2022 Apr 7;19(8):4436. doi: 10.3390/ijerph19084436.","Isajev N","Int J Environ Res Public Health","2022","2022/04/23","PMC9031531","","10.3390/ijerph19084436"
"38109459","Qualitative evaluation of a Salutogenic Healthy Eating Programme for Dutch people with type 2 diabetes","Polhuis KCMM, Koelen MA, Bouwman LI, Vaandrager L.","Health Promot Int. 2023 Dec 1;38(6):daad170. doi: 10.1093/heapro/daad170.","Polhuis KCMM","Health Promot Int","2023","2023/12/18","PMC10727492","","10.1093/heapro/daad170"
"36965654","Discrepancies in type of first major osteoporotic fracture and anti-osteoporotic therapy in elderly people with type 2 diabetes mellitus: A retrospective Danish cohort study","Viggers R, Starup-Linde J, Vestergaard P.","Bone. 2023 Jun;171:116745. doi: 10.1016/j.bone.2023.116745. Epub 2023 Mar 24.","Viggers R","Bone","2023","2023/03/25","","","10.1016/j.bone.2023.116745"
"30650080","Drug-induced diabetes type 2: In silico study involving class B GPCRs","Latek D, Rutkowska E, Niewieczerzal S, Cielecka-Piontek J.","PLoS One. 2019 Jan 16;14(1):e0208892. doi: 10.1371/journal.pone.0208892. eCollection 2019.","Latek D","PLoS One","2019","2019/01/17","PMC6334951","","10.1371/journal.pone.0208892"
"37724847","Frailty Index was Associated With Adverse Outcomes in Admitted Elderly Patients With Type 2 Diabetes Mellitus","Lin Y, Shi X, Huang L, Chen A, Zhu H.","Inquiry. 2023 Jan-Dec;60:469580231201022. doi: 10.1177/00469580231201022.","Lin Y","Inquiry","2023","2023/09/19","PMC10510342","","10.1177/00469580231201022"
"32000785","The quality of life of the patients with diabetes type 2 using EQ-5D-5 L in Birjand","Abedini MR, Bijari B, Miri Z, Shakhs Emampour F, Abbasi A.","Health Qual Life Outcomes. 2020 Jan 30;18(1):18. doi: 10.1186/s12955-020-1277-8.","Abedini MR","Health Qual Life Outcomes","2020","2020/02/01","PMC6990543","","10.1186/s12955-020-1277-8"
"36837509","Distributions of Platelet-Derived Growth Factor Receptor-α Positive Cells and Interstitial Cells of Cajal in the Colon of Rats with Diabetes Mellitus Type 2","Veličkov AI, Djordjević B, Lazarević M, Veličkov AV, Petrović V, Jović M, Denčić T, Radenković G.","Medicina (Kaunas). 2023 Feb 7;59(2):308. doi: 10.3390/medicina59020308.","Veličkov AI","Medicina (Kaunas)","2023","2023/02/25","PMC9964132","","10.3390/medicina59020308"
"35275239","High-intensity interval training for 12 weeks improves cardiovascular autonomic function but not somatosensory nerve function and structure in overweight men with type 2 diabetes","Bönhof GJ, Strom A, Apostolopoulou M, Karusheva Y, Sarabhai T, Pesta D, Roden M, Ziegler D.","Diabetologia. 2022 Jun;65(6):1048-1057. doi: 10.1007/s00125-022-05674-w. Epub 2022 Mar 11.","Bönhof GJ","Diabetologia","2022","2022/03/11","PMC9076744","","10.1007/s00125-022-05674-w"
"35771237","A genome-wide cross-trait analysis identifies shared loci and causal relationships of type 2 diabetes and glycaemic traits with polycystic ovary syndrome","Liu Q, Tang B, Zhu Z, Kraft P, Deng Q, Stener-Victorin E, Jiang X.","Diabetologia. 2022 Sep;65(9):1483-1494. doi: 10.1007/s00125-022-05746-x. Epub 2022 Jun 30.","Liu Q","Diabetologia","2022","2022/06/30","PMC9345824","","10.1007/s00125-022-05746-x"
"39555030","Prevalence of sleep disturbance and its associated factors among diabetes type-2 patients in Saudi Arabia","Al-Qahtani FS.","Front Public Health. 2024 Nov 1;12:1283629. doi: 10.3389/fpubh.2024.1283629. eCollection 2024.","Al-Qahtani FS","Front Public Health","2024","2024/11/18","PMC11563833","","10.3389/fpubh.2024.1283629"
"33350048","Single center results of simultaneous pancreas-kidney transplantation in patients with type 2 diabetes","Pham PH, Stalter LN, Martinez EJ, Wang JF, Welch BM, Leverson G, Marka N, Al-Qaoud T, Mandelbrot D, Parajuli S, Sollinger HW, Kaufman D, Redfield RR, Odorico JS.","Am J Transplant. 2021 Aug;21(8):2810-2823. doi: 10.1111/ajt.16462. Epub 2021 Jan 15.","Pham PH","Am J Transplant","2021","2020/12/22","PMC8217396","NIHMS1669851","10.1111/ajt.16462"
"36839200","Impact of COVID-19 Confinement on the Health-Related Habits of People at High Risk of Type 2 Diabetes","Ochoa Esteban D, Martin-Ridaura C, Berlinches-Zapero C, Ruiz-Fernández D, Sanz-Martín V, Gavira-Izquierdo R, Muñoz-Haba A, March S, Ceinos-Arcones M; ALAS Project Working Group.","Nutrients. 2023 Feb 7;15(4):841. doi: 10.3390/nu15040841.","Ochoa Esteban D","Nutrients","2023","2023/02/25","PMC9967931","","10.3390/nu15040841"
"37349409","A randomized controlled trial for evaluating an occupational therapy self management intervention in adults with type 2 diabetes","Binesh M, Shafaroodi N, Mirmohammadkhani M, Aghili R, Motaharinezhad F, Khanipour M, Mehraban AH.","Sci Rep. 2023 Jun 22;13(1):10128. doi: 10.1038/s41598-023-37231-9.","Binesh M","Sci Rep","2023","2023/06/22","PMC10287758","","10.1038/s41598-023-37231-9"
"31101116","Association of C2, a derivative of the radial artery pressure waveform, with new onset of type 2 diabetes mellitus: the MESA study","Duprez DA, Forbang NI, Allison MA, Peralta CA, Shea S, Jacobs DR Jr.","Cardiovasc Diabetol. 2019 May 17;18(1):62. doi: 10.1186/s12933-019-0868-3.","Duprez DA","Cardiovasc Diabetol","2019","2019/05/19","PMC6524236","","10.1186/s12933-019-0868-3"
"36497987","Characterization of Gut Microbiota Composition in Type 2 Diabetes Patients: A Population-Based Study","Polidori I, Marullo L, Ialongo C, Tomassetti F, Colombo R, di Gaudio F, Calugi G, Marrone G, Noce A, Bernardini S, Broccolo F, Pieri M.","Int J Environ Res Public Health. 2022 Nov 29;19(23):15913. doi: 10.3390/ijerph192315913.","Polidori I","Int J Environ Res Public Health","2022","2022/12/11","PMC9740005","","10.3390/ijerph192315913"
"32349995","Association of the IgG N-glycome with the course of kidney function in type 2 diabetes","Singh SS, Heijmans R, Meulen CKE, Lieverse AG, Gornik O, Sijbrands EJG, Lauc G, van Hoek M.","BMJ Open Diabetes Res Care. 2020 Apr;8(1):e001026. doi: 10.1136/bmjdrc-2019-001026.","Singh SS","BMJ Open Diabetes Res Care","2020","2020/05/01","PMC7213753","","10.1136/bmjdrc-2019-001026"
"35263509","Trends of severe hypoglycemia in patients with type 2 diabetes in Korea: A longitudinal nationwide cohort study","Yun JS, Han K, Ko SH.","J Diabetes Investig. 2022 Aug;13(8):1438-1443. doi: 10.1111/jdi.13786. Epub 2022 Mar 21.","Yun JS","J Diabetes Investig","2022","2022/03/09","PMC9340866","","10.1111/jdi.13786"
"36773565","Plasma microRNA expression profiles associated with zinc exposure and type 2 diabetes mellitus: Exploring potential role of miR-144-3p in zinc-induced insulin resistance","Ye Z, Cheng M, Fan L, Ma J, Zhang Y, Gu P, Xie Y, You X, Zhou M, Wang B, Chen W.","Environ Int. 2023 Feb;172:107807. doi: 10.1016/j.envint.2023.107807. Epub 2023 Feb 6.","Ye Z","Environ Int","2023","2023/02/11","","","10.1016/j.envint.2023.107807"
"39574949","Glycemic profile variability as an independent predictor of diabetic retinopathy in patients with type 2 diabetes: a prospective cohort study","Dehghani Firouzabadi F, Poopak A, Samimi S, Deravi N, Nakhaei P, Sheikhy A, Moosaie F, Rabizadeh S, Meysamie A, Nakhjavani M, Esteghamati A.","Front Endocrinol (Lausanne). 2024 Nov 7;15:1383345. doi: 10.3389/fendo.2024.1383345. eCollection 2024.","Dehghani Firouzabadi F","Front Endocrinol (Lausanne)","2024","2024/11/22","PMC11578690","","10.3389/fendo.2024.1383345"
"37391034","Glucagon-like peptide-1 treatment reduces the risk of diabetes-type 2 related amputations: A cohort study in Denmark","Schäfer Z, Mathisen A, Thomsen TR, Rossing P, Kirketerp-Møller K.","Diabetes Res Clin Pract. 2023 Aug;202:110799. doi: 10.1016/j.diabres.2023.110799. Epub 2023 Jun 28.","Schäfer Z","Diabetes Res Clin Pract","2023","2023/06/30","","","10.1016/j.diabres.2023.110799"
"33014961","Modeling Patient Journeys for Demand Segments in Chronic Care, With an Illustration to Type 2 Diabetes","Elkhuizen SG, Vissers JMH, Mahdavi M, van de Klundert JJ.","Front Public Health. 2020 Aug 28;8:428. doi: 10.3389/fpubh.2020.00428. eCollection 2020.","Elkhuizen SG","Front Public Health","2020","2020/10/05","PMC7493672","","10.3389/fpubh.2020.00428"
"30184318","Migratory, metabolic and functional alterations of fibrocytes in type 2 diabetes","Walker A, Nissen E, Geiger A.","IUBMB Life. 2018 Nov;70(11):1122-1132. doi: 10.1002/iub.1920. Epub 2018 Sep 5.","Walker A","IUBMB Life","2018","2018/09/06","","","10.1002/iub.1920"
"33092588","Distinct non-ischemic myocardial late gadolinium enhancement lesions in patients with type 2 diabetes","Bojer AS, Sørensen MH, Vejlstrup N, Goetze JP, Gæde P, Madsen PL.","Cardiovasc Diabetol. 2020 Oct 22;19(1):184. doi: 10.1186/s12933-020-01160-y.","Bojer AS","Cardiovasc Diabetol","2020","2020/10/23","PMC7583253","","10.1186/s12933-020-01160-y"
"30901557","Sweetening the Therapeutic Pot for Type 2 Diabetes with Long Noncoding RNAs","Dickson P, Kodadek T.","Cell Chem Biol. 2019 Mar 21;26(3):311-313. doi: 10.1016/j.chembiol.2019.02.022.","Dickson P","Cell Chem Biol","2019","2019/03/23","","","10.1016/j.chembiol.2019.02.022"
"36854678","Daily phytate intake increases adiponectin levels among patients with diabetes type 2: a randomized crossover trial","Sanchis P, Calvo P, Pujol A, Rivera R, Berga F, Fortuny R, Costa-Bauza A, Grases F, Masmiquel L.","Nutr Diabetes. 2023 Feb 28;13(1):2. doi: 10.1038/s41387-023-00231-9.","Sanchis P","Nutr Diabetes","2023","2023/02/28","PMC9975181","","10.1038/s41387-023-00231-9"
"36046986","No evidence of mineralization abnormalities in iliac bone of premenopausal women with type 2 diabetes mellitus","Misof BM, Blouin S, Andrade VFC, Roschger P, Borba VZC, Hartmann MA, Zwerina J, Recker RR, Moreira CA.","J Musculoskelet Neuronal Interact. 2022 Sep 1;22(3):305-315.","Misof BM","J Musculoskelet Neuronal Interact","2022","2022/09/01","PMC9438521","",""
"36138441","Eliminating exogenous insulin therapy in patients with type 2 diabetes by duodenal ablation and GLP-1RA decreases risk scores for cardiovascular events","Meiring S, Busch CBE, van Baar ACG, Hemke R, Holleman F, Nieuwdorp M, Bergman JJGHM.","Cardiovasc Diabetol. 2022 Sep 22;21(1):191. doi: 10.1186/s12933-022-01628-z.","Meiring S","Cardiovasc Diabetol","2022","2022/09/22","PMC9503196","","10.1186/s12933-022-01628-z"
"38161979","Editorial: Beta cell function and diabetes remission","Cao X, Chen N, Li Y.","Front Endocrinol (Lausanne). 2023 Dec 15;14:1298101. doi: 10.3389/fendo.2023.1298101. eCollection 2023.","Cao X","Front Endocrinol (Lausanne)","2023","2024/01/01","PMC10754965","","10.3389/fendo.2023.1298101"
"36094166","DNA hypermethylation of Kiss1r promoter and reduction of hepatic Kiss1r in female rats with type 2 diabetes","Ziarniak K, Yang T, Boycott C, Beetch M, Sassek M, Grzeda E, Ma Y, Sliwowska JH, Stefanska B.","Epigenetics. 2022 Dec;17(13):2332-2346. doi: 10.1080/15592294.2022.2119120. Epub 2022 Sep 12.","Ziarniak K","Epigenetics","2022","2022/09/12","PMC9665141","","10.1080/15592294.2022.2119120"
"37109657","Impact of Long-Term Cyclamate and Saccharin Consumption on Biochemical Parameters in Healthy Individuals and Type 2 Diabetes Mellitus Patients","Hasan HM, Alkass SY, de Oliveira DSP.","Medicina (Kaunas). 2023 Apr 3;59(4):698. doi: 10.3390/medicina59040698.","Hasan HM","Medicina (Kaunas)","2023","2023/04/28","PMC10146554","","10.3390/medicina59040698"
"37605183","Exploring the gut microbiota in patients with pre-diabetes and treatment naïve diabetes type 2 - a pilot study","Gravdal K, Kirste KH, Grzelak K, Kirubakaran GT, Leissner P, Saliou A, Casèn C.","BMC Endocr Disord. 2023 Aug 21;23(1):179. doi: 10.1186/s12902-023-01432-0.","Gravdal K","BMC Endocr Disord","2023","2023/08/22","PMC10440924","","10.1186/s12902-023-01432-0"
"37476884","The effects of early short-term insulin treatment vs. glimepiride on beta cell function in newly diagnosed type 2 diabetes with HbA1c above 9","Stojanovic J, Andjelic-Jelic M, Vuksanovic M, Marjanovic-Petkovic M, Jojic B, Stojanovic M, Beljic-Zivkovic T.","Turk J Med Sci. 2023 Apr;53(2):552-562. doi: 10.55730/1300-0144.5616. Epub 2023 Apr 19.","Stojanovic J","Turk J Med Sci","2023","2023/07/21","PMC10387975","","10.55730/1300-0144.5616"
"33205583","Relationship between soluble transferrin receptor and type 2 diabetes mellitus: A meta-analysis","Fernández-Cao JC.","J Diabetes Investig. 2021 Jun;12(6):1118-1119. doi: 10.1111/jdi.13442. Epub 2020 Nov 18.","Fernández-Cao JC","J Diabetes Investig","2021","2020/11/18","PMC8169359","","10.1111/jdi.13442"
"31918704","Understanding patients' experience living with diabetes type 2 and effective disease management: a qualitative study following a mobile health intervention in Bangladesh","Yasmin F, Ali L, Banu B, Rasul FB, Sauerborn R, Souares A.","BMC Health Serv Res. 2020 Jan 9;20(1):29. doi: 10.1186/s12913-019-4811-9.","Yasmin F","BMC Health Serv Res","2020","2020/01/11","PMC6953219","","10.1186/s12913-019-4811-9"
"37960315","The Effect of Probiotic Supplements on Metabolic Parameters of People with Type 2 Diabetes in Greece-A Randomized, Double-Blind, Placebo-Controlled Study","Zikou E, Dovrolis N, Dimosthenopoulos C, Gazouli M, Makrilakis K.","Nutrients. 2023 Nov 3;15(21):4663. doi: 10.3390/nu15214663.","Zikou E","Nutrients","2023","2023/11/14","PMC10647535","","10.3390/nu15214663"
"35630069","Clinical Study of Serum Serotonin as a Screening Marker for Anxiety and Depression in Patients with Type 2 Diabetes","Moroianu LA, Cecilia C, Ardeleanu V, Pantea Stoian A, Cristescu V, Barbu RE, Moroianu M.","Medicina (Kaunas). 2022 May 11;58(5):652. doi: 10.3390/medicina58050652.","Moroianu LA","Medicina (Kaunas)","2022","2022/05/28","PMC9146121","","10.3390/medicina58050652"
"36367417","Safety and effectiveness of dulaglutide 0.75 mg in Japanese patients with type 2 diabetes in real-world clinical practice: 36 month post-marketing observational study","Chin R, Nagaoka S, Nakasawa H, Tanaka Y, Inagaki N.","J Diabetes Investig. 2023 Feb;14(2):247-258. doi: 10.1111/jdi.13932. Epub 2022 Nov 11.","Chin R","J Diabetes Investig","2023","2022/11/11","PMC9889676","","10.1111/jdi.13932"
"37234022","Influencing the Insulin System by Placebo Effects in Patients With Diabetes Type 2 and Healthy Controls: A Randomized Controlled Trial","Skvortsova A, Veldhuijzen DS, van Dillen LF, Zech H, Derksen SMJC, Sars RH, Meijer OC, Pijl H, Evers AWM.","Psychosom Med. 2023 Jul-Aug 01;85(6):551-560. doi: 10.1097/PSY.0000000000001216. Epub 2023 Jun 23.","Skvortsova A","Psychosom Med","2023","2023/05/26","PMC10332649","","10.1097/PSY.0000000000001216"
"34589204","Effect of inulin-type fructans on appetite in patients with type 2 diabetes: a randomised controlled crossover trial","Birkeland E, Gharagozlian S, Birkeland KI, Holm OKS, Thorsby PM, Aas AM.","J Nutr Sci. 2021 Sep 10;10:e72. doi: 10.1017/jns.2021.70. eCollection 2021.","Birkeland E","J Nutr Sci","2021","2021/09/30","PMC8453458","","10.1017/jns.2021.70"
"33203728","Glutathione S-transferases gene polymorphism influence on the age of diabetes type 2 onset","Klusek J, Błońska-Sikora E, Witczak B, Orlewska K, Klusek J, Głuszek S, Orlewska E.","BMJ Open Diabetes Res Care. 2020 Nov;8(2):e001773. doi: 10.1136/bmjdrc-2020-001773.","Klusek J","BMJ Open Diabetes Res Care","2020","2020/11/18","PMC7674104","","10.1136/bmjdrc-2020-001773"
"34957857","Duodenal mucosal resurfacing with a GLP-1 receptor agonist increases postprandial unconjugated bile acids in patients with insulin-dependent type 2 diabetes","Meiring S, Meessen ECE, van Baar ACG, Holleman F, Nieuwdorp M, Olde Damink SW, Schaap FG, Vaz FM, Groen AK, Soeters MR, Bergman JJGHM.","Am J Physiol Endocrinol Metab. 2022 Feb 1;322(2):E132-E140. doi: 10.1152/ajpendo.00337.2021. Epub 2021 Dec 27.","Meiring S","Am J Physiol Endocrinol Metab","2022","2021/12/27","PMC8858668","","10.1152/ajpendo.00337.2021"
"36910351","Assessment of electrolytes, markers of glycaemic control and renal dysfunction among adult Nigerians recently diagnosed with type 2 diabetes mellitus","Ekun OA, Fagbemi OF, Adejumo EN, Ekun OO, Wojuade KS, Oshundun FM, Adefolaju FO, Oyegbami SR.","Afr Health Sci. 2022 Sep;22(3):296-306. doi: 10.4314/ahs.v22i3.31.","Ekun OA","Afr Health Sci","2022","2023/03/13","PMC9993265","","10.4314/ahs.v22i3.31"
"34800829","Is the Risk Really Shared? A Retrospective Analysis of Healthcare Costs of Patients With Type 2 Diabetes Mellitus on a Capitation Model","Naidoo LA, Butkow N, Barnard-Ashton P, Miot J, Libhaber E.","Value Health Reg Issues. 2022 Mar;28:29-37. doi: 10.1016/j.vhri.2021.08.004. Epub 2021 Nov 17.","Naidoo LA","Value Health Reg Issues","2022","2021/11/20","","","10.1016/j.vhri.2021.08.004"
"36227003","Metabolic signatures of β-cell destruction in type 1 diabetes","Noso S, Babaya N, Hiromine Y, Taketomo Y, Niwano F, Yoshida S, Ikegami H.","J Diabetes Investig. 2023 Jan;14(1):48-57. doi: 10.1111/jdi.13926. Epub 2022 Oct 13.","Noso S","J Diabetes Investig","2023","2022/10/13","PMC9807153","","10.1111/jdi.13926"
"35153251","Correlation between serum C-peptide-releasing effects and the risk of elevated uric acid in type 2 diabetes mellitus","Liu Y, Zhao X, Yang Z, Wang S, Han C, Zhang H.","Endocr J. 2022 Jul 28;69(7):773-784. doi: 10.1507/endocrj.EJ21-0492. Epub 2022 Feb 11.","Liu Y","Endocr J","2022","2022/02/14","","","10.1507/endocrj.EJ21-0492"
"35253993","Risk of posterior capsule rupture in patients with type 2 diabetes mellitus and diabetic retinopathy during phacoemulsification cataract surgery","Dawson VJ, Patnaik JL, Wildes M, Bonnell LN, Miller DC, Taravella MJ, Lynch AM, Christopher KL.","Acta Ophthalmol. 2022 Nov;100(7):813-818. doi: 10.1111/aos.15121. Epub 2022 Mar 7.","Dawson VJ","Acta Ophthalmol","2022","2022/03/07","","","10.1111/aos.15121"
"35139832","The effect of telenursing training based on family-centered empowerment pattern on compliance with diet regimen in patients with diabetes mellitus type 2: a randomized clinical trial","Shahabi N, Kolivand M, Salari N, Abbasi P.","BMC Endocr Disord. 2022 Feb 9;22(1):36. doi: 10.1186/s12902-022-00953-4.","Shahabi N","BMC Endocr Disord","2022","2022/02/10","PMC8830007","","10.1186/s12902-022-00953-4"
"34875255","Association between serum netrin-1, netrin-4 and risk of the acute coronary syndrome in patients with type 2 diabetes mellitus-A pilot study","Inderjeet K, Adole PS, Vinod KV, Pillai AA.","Indian Heart J. 2022 Jan-Feb;74(1):72-75. doi: 10.1016/j.ihj.2021.11.186. Epub 2021 Dec 4.","Inderjeet K","Indian Heart J","2022","2021/12/07","PMC8891007","","10.1016/j.ihj.2021.11.186"
"36307382","A combination of exercise and calorie restriction improves the development of obesity-related type 2 diabetes mellitus in KKAy mice","Sugimoto T, Uchitomi R, Onishi T, Kamei Y.","Biosci Biotechnol Biochem. 2022 Dec 21;87(1):108-113. doi: 10.1093/bbb/zbac170.","Sugimoto T","Biosci Biotechnol Biochem","2022","2022/10/28","","","10.1093/bbb/zbac170"
"38005270","A Spectroscopic and Molecular Dynamics Study on the Aggregation Properties of a Lipopeptide Analogue of Liraglutide, a Therapeutic Peptide against Diabetes Type 2","Giannetti M, Palleschi A, Ricciardi B, Venanzi M.","Molecules. 2023 Nov 11;28(22):7536. doi: 10.3390/molecules28227536.","Giannetti M","Molecules","2023","2023/11/25","PMC10674484","","10.3390/molecules28227536"
"35377341","Progranulin and chemerin plasma level in obese patients with type 2 diabetes treated with a long-acting insulin analogue and premixed insulin analogue","Waluga-Kozlowska E, Kuznik-Trocha K, Komosinska-Vassev K, Olczyk P, Jura-Poltorak A, Winsz-Szczotka K, Telega A, Ivanova D, Strzoda W, Zimmermann A, Janik M, Olczyk K, Waluga M.","J Physiol Pharmacol. 2021 Dec;72(6). doi: 10.26402/jpp.2021.6.07. Epub 2022 Apr 2.","Waluga-Kozlowska E","J Physiol Pharmacol","2021","2022/04/04","","","10.26402/jpp.2021.6.07"
"35537930","[Impact of the alteration of the continuity of care in diabetes type 2 patients during the COVID-19 pandemic]","Cuevas Fernández FJ, Gutiérrez Galeote JC, García Marrero MR, Iglesias Girón MJ, Cabrera de León A, Aguirre-Jaime A.","Semergen. 2022 Jul-Aug;48(5):308-315. doi: 10.1016/j.semerg.2022.02.007. Epub 2022 Mar 22.","Cuevas Fernández FJ","Semergen","2022","2022/05/10","PMC8938175","","10.1016/j.semerg.2022.02.007"
"37422389","A study on diffusion tensor imaging of cognitive function in patients with type 2 diabetes mellitus","Gu S, He YM.","Asian J Surg. 2023 Nov;46(11):5124-5126. doi: 10.1016/j.asjsur.2023.06.106. Epub 2023 Jul 6.","Gu S","Asian J Surg","2023","2023/07/08","","","10.1016/j.asjsur.2023.06.106"
"34433594","Relevance of anthropometric measurements as predictors of prevalent diabetes type 2: a cross-sectional study on a Norwegian population","Hasselgren A, Karmacharya BM, Stensdotter AK.","BMJ Open. 2021 Aug 25;11(8):e046162. doi: 10.1136/bmjopen-2020-046162.","Hasselgren A","BMJ Open","2021","2021/08/26","PMC8388272","","10.1136/bmjopen-2020-046162"
"35312239","Generalizability and effect size of the impact of uncontrolled hypertension in patients with type 2 diabetes mellitus","Bono K, Shihora D, Modak A.","J Clin Hypertens (Greenwich). 2022 May;24(5):660-661. doi: 10.1111/jch.14471. Epub 2022 Mar 21.","Bono K","J Clin Hypertens (Greenwich)","2022","2022/03/21","PMC9106085","","10.1111/jch.14471"
"31581435","Comment on: ""Gene-Diet Interactions in Type 2 Diabetes: The Chicken and Egg Debate""","Onur Cura D.","Int J Mol Sci. 2019 Oct 1;20(19):4878. doi: 10.3390/ijms20194878.","Onur Cura D","Int J Mol Sci","2019","2019/10/05","PMC6801381","","10.3390/ijms20194878"
"37849956","Effect of Health Literacy Intervention on Glycemic Control and Renal Function Among Thai Older Adults at Risk of Type 2 Diabetes Mellitus [Letter]","Liang D, Ma S, Li X.","Clin Interv Aging. 2023 Oct 12;18:1719-1720. doi: 10.2147/CIA.S443350. eCollection 2023.","Liang D","Clin Interv Aging","2023","2023/10/18","PMC10578167","","10.2147/CIA.S443350"
"33496161","Observation on the effect of short-term intensive insulin pump therapy combined with early rehabilitation nursing in patients with type 2 diabetes mellitus complicated with stroke","Jiang H, Liu L, Wang H, Sun G.","Minerva Med. 2023 Jun;114(3):411-412. doi: 10.23736/S0026-4806.20.07246-8. Epub 2021 Jan 26.","Jiang H","Minerva Med","2023","2021/01/26","","","10.23736/S0026-4806.20.07246-8"
"38963325","Monitoring handgrip strength to motivate lifestyle choices for patients with diabetes type 2 - a pragmatic randomised controlled trial","Bornhöft L, Bernhardsson S, Nordeman L, Grimby-Ekman A, Dottori M, Larsson MEH.","Scand J Prim Health Care. 2024 Dec;42(4):617-632. doi: 10.1080/02813432.2024.2373298. Epub 2024 Jul 4.","Bornhöft L","Scand J Prim Health Care","2024","2024/07/04","PMC11552247","","10.1080/02813432.2024.2373298"
"37629742","Differential Association of Glycation Products with Bone Mineral Density and Fat Mass in Healthy and Diabetes Type 2 Subjects from Mexican Southeastern: A Cross Sectional Study","Ferreyro-Bravo F, Ceballos-Cruz Á, Urruchua-Rodríguez MJ, Martínez-Reyes G, Cortés-Pastrana C, Pacheco-Pantoja EL.","Medicina (Kaunas). 2023 Aug 11;59(8):1451. doi: 10.3390/medicina59081451.","Ferreyro-Bravo F","Medicina (Kaunas)","2023","2023/08/26","PMC10456706","","10.3390/medicina59081451"
"35784568","Multi-Faceted Influence of Obesity on Type 1 Diabetes in Children - From Disease Pathogenesis to Complications","Ciężki S, Kurpiewska E, Bossowski A, Głowińska-Olszewska B.","Front Endocrinol (Lausanne). 2022 Jun 16;13:890833. doi: 10.3389/fendo.2022.890833. eCollection 2022.","Ciężki S","Front Endocrinol (Lausanne)","2022","2022/07/05","PMC9243381","","10.3389/fendo.2022.890833"
"34719611","Association between 25 Hydroxyvitamin D Concentrations and Lipid Profiles in Japanese with Type 2 Diabetes Mellitus","Bando H, Taneda S, Manda N.","J Nutr Sci Vitaminol (Tokyo). 2021;67(5):266-272. doi: 10.3177/jnsv.67.266.","Bando H","J Nutr Sci Vitaminol (Tokyo)","2021","2021/11/01","","","10.3177/jnsv.67.266"
"32054515","Human Herpesvirus 8 infection may contribute to oxidative stress in diabetes type 2 patients","Incani A, Marras L, Serreli G, Ingianni A, Pompei R, Deiana M, Angius F.","BMC Res Notes. 2020 Feb 13;13(1):75. doi: 10.1186/s13104-020-4935-3.","Incani A","BMC Res Notes","2020","2020/02/15","PMC7020602","","10.1186/s13104-020-4935-3"
"33608979","Response to ""Relationship between soluble transferrin receptor and type 2 diabetes mellitus: A meta-analysis""","Liu J.","J Diabetes Investig. 2021 Jun;12(6):1120-1121. doi: 10.1111/jdi.13505. Epub 2021 Feb 20.","Liu J","J Diabetes Investig","2021","2021/02/20","PMC8169346","","10.1111/jdi.13505"
"34895174","Response to Revisiting: ""Prevalence of and factors associated with sarcopenia among multi-ethnic ambulatory older Asians with type 2 diabetes mellitus in a primary care setting""","Fung FY, Tan NC.","BMC Geriatr. 2021 Dec 11;21(1):690. doi: 10.1186/s12877-021-02563-6.","Fung FY","BMC Geriatr","2021","2021/12/13","PMC8665576","","10.1186/s12877-021-02563-6"
"33118019","Assessment of the amino acid profile in Thai patients with type 2 diabetes mellitus using liquid chromatography-mass spectrometry","Sriboonvorakul N, Pan-Ngum W, Poovorawan K, Winterberg M, Tarning J, Muangnoicharoen S.","Int Health. 2021 Jul 3;13(4):367-373. doi: 10.1093/inthealth/ihaa083.","Sriboonvorakul N","Int Health","2021","2020/10/29","PMC8253986","","10.1093/inthealth/ihaa083"
"29641669","Impact of written information on control and adherence in type 2 diabetes","Caetano IRCES, Santiago LM, Marques M.","Rev Assoc Med Bras (1992). 2018 Feb;64(2):140-147. doi: 10.1590/1806-9282.64.02.140.","Caetano IRCES","Rev Assoc Med Bras (1992)","2018","2018/04/12","","","10.1590/1806-9282.64.02.140"
"31390852","Association between PPARGC1A single nucleotide polymorphisms and increased risk of nonalcoholic fatty liver disease among Iranian patients with type 2 diabetes mellitus","Saremi L, Lotfıpanah S, Mohammadi M, Hosseinzadeh H, Hosseini-Khah Z, Johari B, Saltanatpour Z.","Turk J Med Sci. 2019 Aug 8;49(4):1089-1094. doi: 10.3906/sag-1808-138.","Saremi L","Turk J Med Sci","2019","2019/08/09","PMC7018303","","10.3906/sag-1808-138"
"31763043","Identification of repurposable drugs with beneficial effects on glucose control in type 2 diabetes using machine learning","Koren G, Nordon G, Radinsky K, Shalev V.","Pharmacol Res Perspect. 2019 Nov 20;7(6):e00529. doi: 10.1002/prp2.529. eCollection 2019 Dec.","Koren G","Pharmacol Res Perspect","2019","2019/11/26","PMC6864406","","10.1002/prp2.529"
"31776315","Selective laser melted titanium implants play a positive role in early osseointegration in type 2 diabetes mellitus rats","Duan Y, Liu X, Zhang S, Wang L, Ding F, Song S, Chen X, Deng B, Song Y.","Dent Mater J. 2020 Mar 31;39(2):214-221. doi: 10.4012/dmj.2018-419. Epub 2019 Nov 28.","Duan Y","Dent Mater J","2020","2019/11/29","","","10.4012/dmj.2018-419"
"30348064","Initial increase in glucose variability during Ramadan fasting in non-insulin-treated patients with diabetes type 2 using continuous glucose monitoring","Aldawi N, Darwiche G, Abusnana S, Elbagir M, Elgzyri T.","Libyan J Med. 2019 Dec;14(1):1535747. doi: 10.1080/19932820.2018.1535747.","Aldawi N","Libyan J Med","2019","2018/10/24","PMC6201790","","10.1080/19932820.2018.1535747"
"32513164","The influence of mobile phone-based health reminders on patient adherence to medications and healthy lifestyle recommendations for effective management of diabetes type 2: a randomized control trial in Dhaka, Bangladesh","Yasmin F, Nahar N, Banu B, Ali L, Sauerborn R, Souares A.","BMC Health Serv Res. 2020 Jun 8;20(1):520. doi: 10.1186/s12913-020-05387-z.","Yasmin F","BMC Health Serv Res","2020","2020/06/10","PMC7282058","","10.1186/s12913-020-05387-z"
"32365740","Reply to ""Comment on: Effects of Nigella Sativa on Type-2 Diabetes Mellitus: A Systematic Review""","Hamdan A, Idrus RH, Mokhtar MH.","Int J Environ Res Public Health. 2020 Apr 29;17(9):3111. doi: 10.3390/ijerph17093111.","Hamdan A","Int J Environ Res Public Health","2020","2020/05/06","PMC7246921","","10.3390/ijerph17093111"
"37720527","Pancreatic β-cell senescence in diabetes: mechanisms, markers and therapies","Cha J, Aguayo-Mazzucato C, Thompson PJ.","Front Endocrinol (Lausanne). 2023 Aug 31;14:1212716. doi: 10.3389/fendo.2023.1212716. eCollection 2023.","Cha J","Front Endocrinol (Lausanne)","2023","2023/09/18","PMC10501801","","10.3389/fendo.2023.1212716"
"31284513","Phenformin as an Anticancer Agent: Challenges and Prospects","García Rubiño ME, Carrillo E, Ruiz Alcalá G, Domínguez-Martín A, A Marchal J, Boulaiz H.","Int J Mol Sci. 2019 Jul 5;20(13):3316. doi: 10.3390/ijms20133316.","García Rubiño ME","Int J Mol Sci","2019","2019/07/10","PMC6651400","","10.3390/ijms20133316"
"32127856","Association of Vitamin D deficiency and Vitamin D Receptor Gene Polymorphisms with Type 2 diabetes mellitus Saudi patients","Al-Hazmi AS.","Afr Health Sci. 2019 Dec;19(4):2812-2818. doi: 10.4314/ahs.v19i4.2.","Al-Hazmi AS","Afr Health Sci","2019","2020/03/05","PMC7040324","","10.4314/ahs.v19i4.2"
"29374085","Comparing Three Data Mining Algorithms for Identifying the Associated Risk Factors of Type 2 Diabetes","Esmaeily H, Tayefi M, Ghayour-Mobarhan M, Amirabadizadeh A.","Iran Biomed J. 2018 Sep;22(5):303-11. doi: 10.29252/ibj.22.5.303. Epub 2018 Jan 27.","Esmaeily H","Iran Biomed J","2018","2018/01/28","PMC6058191","","10.29252/ibj.22.5.303"
"33899349","COVID-19 Pandemic and Ramadan Fasting among Patients with Type 2 Diabetes Mellitus","Zaina A, Tarabeih W, Abid A, Kassem S.","Isr Med Assoc J. 2021 Apr;23(4):203-207.","Zaina A","Isr Med Assoc J","2021","2021/04/26","","",""
"32682310","Prevalence of Metabolic Syndrome by different definitions, and its association with type 2 diabetes, pre-diabetes, and cardiovascular disease risk in Brazil","do Vale Moreira NC, Hussain A, Bhowmik B, Mdala I, Siddiquee T, Fernandes VO, Montenegro Júnior RM, Meyer HE.","Diabetes Metab Syndr. 2020 Sep-Oct;14(5):1217-1224. doi: 10.1016/j.dsx.2020.05.043. Epub 2020 Jul 12.","do Vale Moreira NC","Diabetes Metab Syndr","2020","2020/07/19","","","10.1016/j.dsx.2020.05.043"
"31770140","Design Flaws in the Study of Distinguishing Diabetes Associated With Chronic Pancreatitis and Type 2 Diabetes Mellitus","Liu Y, Wang D, Li ZS, Hu LH.","Clin Transl Gastroenterol. 2019 Nov;10(11):e00097. doi: 10.14309/ctg.0000000000000097.","Liu Y","Clin Transl Gastroenterol","2019","2019/11/27","PMC6890274","","10.14309/ctg.0000000000000097"
"39777222","Sphingosine-1-phosphate in the regulation of diabetes mellitus: a scientometric study to an in-depth review","Li J, Fan Y, Tu W, Wu L, Pan Y, Zheng M, Qu Y, Cao L.","Front Endocrinol (Lausanne). 2024 Dec 24;15:1377601. doi: 10.3389/fendo.2024.1377601. eCollection 2024.","Li J","Front Endocrinol (Lausanne)","2024","2025/01/08","PMC11703751","","10.3389/fendo.2024.1377601"
"31997240","Letter to the Editor Regarding: Continuous Glucose Monitoring in Type 2 Diabetes Mellitus Patients in Primary Care","Bralić Lang V, Baretić M.","Adv Ther. 2020 Mar;37(3):1276-1278. doi: 10.1007/s12325-020-01234-z. Epub 2020 Jan 29.","Bralić Lang V","Adv Ther","2020","2020/01/31","PMC7089726","","10.1007/s12325-020-01234-z"
"35887112","The Effect of Phytochemicals and Food Bioactive Compounds on Diabetes","Yagasaki K, Muller CJF.","Int J Mol Sci. 2022 Jul 14;23(14):7765. doi: 10.3390/ijms23147765.","Yagasaki K","Int J Mol Sci","2022","2022/07/27","PMC9324179","","10.3390/ijms23147765"
"38201287","Is Environmental Cadmium Exposure Causally Related to Diabetes and Obesity?","Satarug S.","Cells. 2023 Dec 30;13(1):83. doi: 10.3390/cells13010083.","Satarug S","Cells","2023","2024/01/11","PMC10778334","","10.3390/cells13010083"
"38527333","[Family Physicians and Nutritionists in Health Centers, Commentary on ""Eating Habits of People with Type 2 Diabetes Mellitus in Portugal: A Cross-Sectional Study""]","Prazeres F.","Acta Med Port. 2024 May 2;37(5):393-394. doi: 10.20344/amp.21218. Epub 2024 Mar 25.","Prazeres F","Acta Med Port","2024","2024/03/25","","","10.20344/amp.21218"
"31356179","Evaluation of platelet reactivity during combined antiplatelet therapy in patients with stable coronary artery disease in relation to diabetes type 2 and the GPIIB/IIIA receptor gene polymorphism","Jastrzebska M, Lisman D, Szelepajlo A, Oledzki S, Chelstowski K, Clark JS, Siennicka A.","J Physiol Pharmacol. 2019 Apr;70(2). doi: 10.26402/jpp.2019.2.01. Epub 2019 Jul 22.","Jastrzebska M","J Physiol Pharmacol","2019","2019/07/30","","","10.26402/jpp.2019.2.01"
"32889901","Predictive value of neutrophil-to-lymphocyte ratio on drug eluting stent restenosis in patients with type 2 diabetes mellitus","Wang ZC, Zhang JN, Zhou Z, Tao J.","Chin Med J (Engl). 2020 Oct 5;133(19):2373-2374. doi: 10.1097/CM9.0000000000001045.","Wang ZC","Chin Med J (Engl)","2020","2020/09/05","PMC7546845","","10.1097/CM9.0000000000001045"
"31795194","MicroRNA Signatures as Future Biomarkers for Diagnosis of Diabetes States","Vasu S, Kumano K, Darden CM, Rahman I, Lawrence MC, Naziruddin B.","Cells. 2019 Nov 28;8(12):1533. doi: 10.3390/cells8121533.","Vasu S","Cells","2019","2019/12/05","PMC6953078","","10.3390/cells8121533"
"29650793","Cause or Effect? Microvascular Dysfunction in Insulin-Resistant States","Lindner JR.","Circ Cardiovasc Imaging. 2018 Apr;11(4):e007725. doi: 10.1161/CIRCIMAGING.118.007725.","Lindner JR","Circ Cardiovasc Imaging","2018","2018/04/14","PMC5901754","NIHMS953326","10.1161/CIRCIMAGING.118.007725"
"29952418","Elevated serum lipocalin 2 levels are associated with indexes of both glucose and bone metabolism in type 2 diabetes mellitus","Wang W, Ye S, Qian L, Xing Y, Ren A, Chen C, Li S, Xu J, Liu Q, Dong L, Xiao C, Zhou W.","Endokrynol Pol. 2018;69(3):276-282. doi: 10.5603/EP.a2018.0030.","Wang W","Endokrynol Pol","2018","2018/06/29","","","10.5603/EP.a2018.0030"
"34114616","Letter to the Editor from Dr Nicholas Fuller: ""Metabolic Impact of Intermittent Fasting in Patients With Type 2 Diabetes Mellitus: A Systematic Review and Meta-Analysis of Interventional Studies""","Fuller NR.","J Clin Endocrinol Metab. 2021 Sep 27;106(10):e4294-e4295. doi: 10.1210/clinem/dgab418.","Fuller NR","J Clin Endocrinol Metab","2021","2021/06/11","","","10.1210/clinem/dgab418"
"37161453","Relationship between inflammatory markers and coronary slow flow in type 2 diabetic patients","Elsanan MAHA, Tahoon IHHH, Mohamed GI, ZeinElabdeen SG, Shehata IE.","BMC Cardiovasc Disord. 2023 May 9;23(1):244. doi: 10.1186/s12872-023-03275-y.","Elsanan MAHA","BMC Cardiovasc Disord","2023","2023/05/10","PMC10169369","","10.1186/s12872-023-03275-y"
"33813816","Impact of Social Distancing Due to Coronavirus Disease 2019 on the Changes in Glycosylated Hemoglobin Level in People with Type 2 Diabetes Mellitus (Diabetes Metab J 2021;45:109-14)","Noh J.","Diabetes Metab J. 2021 Mar;45(2):275-276. doi: 10.4093/dmj.2020.0288. Epub 2021 Mar 25.","Noh J","Diabetes Metab J","2021","2021/04/05","PMC8024160","","10.4093/dmj.2020.0288"
"32347029","Letter: Hypoglycemia and Dementia Risk in Older Patients with Type 2 Diabetes Mellitus: A Propensity-Score Matched Analysis of a Population-Based Cohort Study (Diabetes Metab J 2020;44:125-33)","Kim JH.","Diabetes Metab J. 2020 Apr;44(2):356-357. doi: 10.4093/dmj.2020.0072.","Kim JH","Diabetes Metab J","2020","2020/04/30","PMC7188964","","10.4093/dmj.2020.0072"
"31363735","Towards clinical utility of polygenic risk scores","Lambert SA, Abraham G, Inouye M.","Hum Mol Genet. 2019 Nov 21;28(R2):R133-R142. doi: 10.1093/hmg/ddz187.","Lambert SA","Hum Mol Genet","2019","2019/08/01","","","10.1093/hmg/ddz187"
"31091684","Insulin Release Mechanism Modulated by Toxins Isolated from Animal Venoms: From Basic Research to Drug Development Prospects","Sarmiento BE, Santos Menezes LF, Schwartz EF.","Molecules. 2019 May 14;24(10):1846. doi: 10.3390/molecules24101846.","Sarmiento BE","Molecules","2019","2019/05/17","PMC6571724","","10.3390/molecules24101846"
